1,1,1,15.3244395505142,15.0253827031353,145.51861405218
1,2,1,15.0253827031353,15.0846559968127,132.441398860238
1,3,1,15.0846559968127,14.9564127640088,147.111889801751
1,4,1,14.9564127640088,14.9741071713975,136.813130942599
1,5,1,14.9741071713975,14.9096039662447,142.649686787738
1,6,1,14.9096039662447,14.8666756455496,145.164800016177
1,7,1,14.8666756455496,15.0772196174667,112.329509615933
1,8,1,15.0772196174667,14.9664364988144,125.827445523707
1,9,1,14.9664364988144,14.94736881524,125.0603958532
1,10,1,14.94736881524,14.9395432901524,122.635080010413
1,11,1,14.9395432901524,14.8957188314843,127.673643705986
1,12,1,14.8957188314843,14.8326600650986,135.853971543609
1,13,1,14.8326600650986,14.8320527278632,131.151571198619
1,14,1,14.8320527278632,14.8779847621314,123.076102054887
1,15,1,14.8779847621314,14.8820001753278,120.039855476837
1,16,1,14.8820001753278,14.7363033970392,139.512275580946
1,17,1,14.7363033970392,14.7867036756038,128.241296897019
1,18,1,14.7867036756038,14.7820891400654,128.999899727654
1,19,1,14.7820891400654,14.8227810262868,120.204232154376
1,20,1,14.8227810262868,14.7371480501393,129.113208137938
1,21,1,14.7371480501393,14.7388243854664,129.427268694708
1,22,1,14.7388243854664,14.6885675684853,132.530871357432
1,23,1,14.6885675684853,14.6595397787976,135.588831340801
1,24,1,14.6595397787976,14.6859624032995,130.636211820308
1,25,1,14.6859624032995,14.6523413998334,133.38714699273
1,26,1,14.6523413998334,14.6682174195012,130.047038940353
1,27,1,14.6682174195012,14.7110707566261,121.621449570772
1,28,1,14.7110707566261,14.711705830855,123.389257869111
1,29,1,14.711705830855,14.6921839461624,122.539519465662
1,30,1,14.6921839461624,14.6645676816559,122.886644761871
1,31,1,14.6645676816559,14.6470905858767,124.45546825719
1,32,1,14.6470905858767,14.6767158756241,120.45668033407
1,33,1,14.6767158756241,14.6020762065675,129.861711191577
1,34,1,14.6020762065675,14.6580337013365,121.251238688374
1,35,1,14.6580337013365,14.5807607482131,132.048133429777
1,36,1,14.5807607482131,14.5727459641418,130.15342201976
1,37,1,14.5727459641418,14.5468897615718,130.686351818454
1,38,1,14.5468897615718,14.5661178850235,128.156900104367
1,39,1,14.5661178850235,14.5136611220913,134.59884892738
1,40,1,14.5136611220913,14.5493227831661,127.534290077732
1,41,1,14.5493227831661,14.5603585883277,127.273846863743
1,42,1,14.5603585883277,14.5117956530073,129.564597763508
1,43,1,14.5117956530073,14.4791980758136,134.657840647083
1,44,1,14.4791980758136,14.4215999437866,141.913629906231
1,45,1,14.4215999437866,14.4438520681783,133.918527211463
1,46,1,14.4438520681783,14.5147818621786,124.410856750317
1,47,1,14.5147818621786,14.4773734827071,128.675964302733
1,48,1,14.4773734827071,14.4548069424814,131.010613294383
1,49,1,14.4548069424814,14.3853624987177,140.295046768803
1,50,1,14.3853624987177,14.3871946334487,139.056551547834
1,51,1,14.3871946334487,14.4379484003097,131.625695093911
1,52,1,14.4379484003097,14.4156771854366,134.438010910036
1,53,1,14.4156771854366,14.4553567705152,125.867745177671
1,54,1,14.4553567705152,14.4360280640046,127.875661630953
1,55,1,14.4360280640046,14.4364705498935,129.311913212077
1,56,1,14.4364705498935,14.4323733384949,127.260843417193
1,57,1,14.4323733384949,14.4295335144456,125.98220346513
1,58,1,14.4295335144456,14.4071679744579,133.018050682827
1,59,1,14.4071679744579,14.458408956902,121.67007116552
1,60,1,14.458408956902,14.4108985290654,129.800164451837
1,61,1,14.4108985290654,14.4474580846282,122.62288346226
1,62,1,14.4474580846282,14.3288666447665,136.330152207497
1,63,1,14.3288666447665,14.3670051396861,131.428641684602
1,64,1,14.3670051396861,14.4133002289916,123.637145031526
1,65,1,14.4133002289916,14.4234457769566,120.360111591292
1,66,1,14.4234457769566,14.3478157145126,132.964539413301
1,67,1,14.3478157145126,14.3718972113349,131.329906432514
1,68,1,14.3718972113349,14.3322210270507,135.181399796386
1,69,1,14.3322210270507,14.4813737516945,110.801568250354
1,70,1,14.4813737516945,14.3557214360146,127.525865047132
1,71,1,14.3557214360146,14.4207223952728,118.656972153386
1,72,1,14.4207223952728,14.2534609507112,147.357424406605
1,73,1,14.2534609507112,14.2538372205471,143.204336483831
1,74,1,14.2538372205471,14.3246151432487,131.393766982407
1,75,1,14.3246151432487,14.3408607967769,127.801325588591
1,76,1,14.3408607967769,14.3334175486632,127.648080907576
1,77,1,14.3334175486632,14.3530896837218,125.300211027409
2,78,1,14.3530896837218,14.3496341385183,124.119779538861
2,79,1,14.3496341385183,14.3020517446619,130.828604000309
2,80,1,14.3020517446619,14.309484250596,128.980874183673
2,81,1,14.309484250596,14.3305159273486,126.614367918196
2,82,1,14.3305159273486,14.2768639043806,132.885418201518
2,83,1,14.2768639043806,14.3336075627217,123.358244922743
2,84,1,14.3336075627217,14.3776869910504,117.309115414232
2,85,1,14.3776869910504,14.2797798710896,133.573121263193
2,86,1,14.2797798710896,14.286800152669,130.370060180819
2,87,1,14.286800152669,14.283596165056,128.525956381448
2,88,1,14.283596165056,14.2258017947661,136.133299866502
2,89,1,14.2258017947661,14.2322895550229,136.942549161272
2,90,1,14.2322895550229,14.3250044297213,121.968008237537
2,91,1,14.3250044297213,14.3280318641376,121.238451241585
2,92,1,14.3280318641376,14.3064339569373,122.602536885231
2,93,1,14.3064339569373,14.3343487538332,119.95792744734
2,94,1,14.3343487538332,14.2764438421503,128.367794867006
2,95,1,14.2764438421503,14.2653242757698,128.215982623602
2,96,1,14.2653242757698,14.3150615542982,121.563955596515
2,97,1,14.3150615542982,14.2648501494062,126.729216508147
2,98,1,14.2648501494062,14.2805699058062,126.099652577321
2,99,1,14.2805699058062,14.2189797923101,134.08702081441
2,100,1,14.2189797923101,14.2154713485874,131.53218050152
2,101,1,14.2154713485874,14.286748556326,123.629523237748
2,102,1,14.286748556326,14.2539093365189,127.14389894347
2,103,1,14.2539093365189,14.2446125028734,130.522638134723
2,104,1,14.2446125028734,14.2902128376808,120.362475731537
2,105,1,14.2902128376808,14.2008749586718,133.224921911746
2,106,1,14.2008749586718,14.2138701425959,129.612434468773
2,107,1,14.2138701425959,14.1863027761059,132.160360901359
2,108,1,14.1863027761059,14.1429745180713,139.927638624146
2,109,1,14.1429745180713,14.2253422051118,127.060677906431
2,110,1,14.2253422051118,14.1776006796828,135.245568482955
2,111,1,14.1776006796828,14.1780256306257,132.785905102283
2,112,1,14.1780256306257,14.1438910471346,137.972939593858
2,113,1,14.1438910471346,14.2095973724832,127.927941528063
2,114,1,14.2095973724832,14.2184042038804,126.546675841166
2,115,1,14.2184042038804,14.2025296240055,125.44331755979
2,116,1,14.2025296240055,14.1816936803793,131.212998760291
2,117,1,14.1816936803793,14.2042220719922,125.65436138406
2,118,1,14.2042220719922,14.240921730338,119.514188569024
2,119,1,14.240921730338,14.172106408096,131.414062929458
2,120,1,14.172106408096,14.1481998266765,132.437716040206
2,121,1,14.1481998266765,14.1572527767253,130.691023569442
2,122,1,14.1572527767253,14.0701327276616,144.861274598493
2,123,1,14.0701327276616,14.0920994369736,140.263242144828
2,124,1,14.0920994369736,14.1765718521541,126.074523554147
2,125,1,14.1765718521541,14.1944419792157,125.614893427163
2,126,1,14.1944419792157,14.21317573419,122.036860907314
2,127,1,14.21317573419,14.1581603537826,129.131982988911
2,128,1,14.1581603537826,14.1306315538821,133.630176281523
2,129,1,14.1306315538821,14.1501011710242,130.97851582482
2,130,1,14.1501011710242,14.104508101834,137.072613584951
2,131,1,14.104508101834,14.0360725020855,145.560386344999
2,132,1,14.0360725020855,14.1017453773519,131.663401403076
2,133,1,14.1017453773519,14.1331205611166,129.316009048911
2,134,1,14.1331205611166,14.1559757365123,125.604836219217
2,135,1,14.1559757365123,14.1473239798107,126.903559285152
2,136,1,14.1473239798107,14.1296436268329,129.784417344812
2,137,1,14.1296436268329,14.1241364961843,129.679453978292
2,138,1,14.1241364961843,14.129288283063,129.010539664982
2,139,1,14.129288283063,14.0969153127766,132.348741573157
2,140,1,14.0969153127766,14.1321583645836,128.583400594892
2,141,1,14.1321583645836,14.1542758015368,125.00781402567
2,142,1,14.1542758015368,14.1098943210906,128.310882833984
2,143,1,14.1098943210906,14.0054844550968,146.489759185334
2,144,1,14.0054844550968,14.0847955577342,132.897069305488
2,145,1,14.0847955577342,14.1750762826892,117.558999238541
2,146,1,14.1750762826892,14.1076095878221,129.45452266776
2,147,1,14.1076095878221,14.1430100434486,124.632021023746
2,148,1,14.1430100434486,14.1870966367523,117.5055918289
2,149,1,14.1870966367523,14.0716465015868,135.029489521634
2,150,1,14.0716465015868,14.1608183424528,120.4622682308
2,151,1,14.1608183424528,14.0914213611439,131.647270793165
2,152,1,14.0914213611439,14.1775436582244,117.753858453515
2,153,1,14.1775436582244,14.0933168732223,130.692793013172
2,154,1,14.0933168732223,14.0922272688746,130.157419729769
2,155,1,14.0922272688746,14.057852873922,135.343387923951
2,156,1,14.057852873922,14.079569344182,131.684885176814
2,157,1,14.079569344182,14.1489877629919,117.774516037962
2,158,1,14.1489877629919,13.9906208200186,144.319885049926
2,159,1,13.9906208200186,14.0489109356464,133.291923378867
2,160,1,14.0489109356464,14.0617679280787,132.158725372512
2,161,1,14.0617679280787,14.0382667166719,135.997038265255
2,162,1,14.0382667166719,14.0599878944826,131.477065316448
2,163,1,14.0599878944826,14.099307332331,124.98885099656
2,164,1,14.099307332331,14.0777017560766,126.519587031534
2,165,1,14.0777017560766,14.0594262855557,131.988447287277
2,166,1,14.0594262855557,14.0329002975715,134.354582958386
2,167,1,14.0329002975715,14.0754186793221,126.514420007392
2,168,1,14.0754186793221,14.0790659275667,127.002626504422
2,169,1,14.0790659275667,14.0261637382443,135.679357292706
2,170,1,14.0261637382443,14.1245990619256,121.623934312068
2,171,1,14.1245990619256,14.0792596979416,126.580027570267
2,172,1,14.0792596979416,14.0835796594795,126.213187418611
2,173,1,14.0835796594795,14.0350362131261,132.739490060849
2,174,1,14.0350362131261,14.0529862751091,130.45522893736
2,175,1,14.0529862751091,14.0653996821338,129.643128299764
2,176,1,14.0653996821338,14.0787220310351,126.13322796416
2,177,1,14.0787220310351,14.0168316745439,135.407614223001
2,178,1,14.0168316745439,14.0566603008754,128.920277230531
2,179,1,14.0566603008754,14.0075473968779,135.197221288136
2,180,1,14.0075473968779,14.0279811657155,132.976554213613
2,181,1,14.0279811657155,14.0066479677242,133.533501546043
2,182,1,14.0066479677242,14.1145773712312,119.263189411692
2,183,1,14.1145773712312,14.029873871254,131.413988419416
2,184,1,14.029873871254,14.0253589342598,133.064133839309
2,185,1,14.0253589342598,14.0502283814591,125.17591485883
2,186,1,14.0502283814591,13.9938596221655,137.048874335123
2,187,1,13.9938596221655,13.9961713748949,134.852966140096
2,188,1,13.9961713748949,13.9719267906197,135.418506607925
2,189,1,13.9719267906197,13.9731321191288,136.926138251198
2,190,1,13.9731321191288,13.9514316459654,140.434592729652
2,191,1,13.9514316459654,13.9968544272064,132.575735675335
2,192,1,13.9968544272064,14.0042500118791,127.586492037303
2,193,1,14.0042500118791,13.9826587385488,133.864171370915
2,194,1,13.9826587385488,14.0767976072314,120.256674877567
2,195,1,14.0767976072314,14.0463547607923,126.270621493259
2,196,1,14.0463547607923,14.0347826555744,125.358273590336
2,197,1,14.0347826555744,13.9901593113121,136.560733451929
2,198,1,13.9901593113121,14.008361306411,129.492544403704
2,199,1,14.008361306411,13.9716632100621,135.316445550333
2,200,1,13.9716632100621,13.9414399597197,141.7219274152
2,201,1,13.9414399597197,14.0084459869686,129.549841399518
2,202,1,14.0084459869686,14.0601153519423,122.660190218868
2,203,1,14.0601153519423,14.0808778399962,118.44006697428
2,204,1,14.0808778399962,13.9997647024758,131.394479692071
2,205,1,13.9997647024758,13.9724860540948,135.839268879022
2,206,1,13.9724860540948,13.9971354112023,131.540911064158
2,207,1,13.9971354112023,13.9661119598445,135.634058822337
2,208,1,13.9661119598445,13.986933656298,131.295537396628
2,209,1,13.986933656298,13.9978219443896,129.42537292339
2,210,1,13.9978219443896,14.0182996395686,128.763216638787
2,211,1,14.0182996395686,14.0123505818915,127.969314909689
2,212,1,14.0123505818915,13.9704612453656,132.991031865574
2,213,1,13.9704612453656,14.0590412404582,119.362459487031
2,214,1,14.0590412404582,14.0017780432405,125.690535696581
2,215,1,14.0017780432405,14.005684488332,126.187426106772
2,216,1,14.005684488332,14.0104649093891,126.812610098652
2,217,1,14.0104649093891,14.0258576073867,124.868567451805
2,218,1,14.0258576073867,14.0970971709514,113.722209890392
2,219,1,14.0970971709514,14.047873428267,121.016592761896
2,220,1,14.047873428267,14.042898847075,121.404372682154
2,221,1,14.042898847075,14.0535658619229,119.520575315199
2,222,1,14.0535658619229,13.9636823069813,135.99625578306
2,223,1,13.9636823069813,13.9977832331913,130.243231328144
2,224,1,13.9977832331913,13.9802693255679,132.393890633012
2,225,1,13.9802693255679,13.9957550263613,128.622630023916
2,226,1,13.9957550263613,13.9387605400351,137.537450604904
2,227,1,13.9387605400351,13.9295797875941,138.297660506111
2,228,1,13.9295797875941,13.9360759545429,138.10782307678
2,229,1,13.9360759545429,13.9767921926608,131.184061079508
2,230,1,13.9767921926608,13.9383200987791,135.165541986456
2,231,1,13.9383200987791,13.9579530892795,133.135969482617
2,232,1,13.9579530892795,13.9474762783906,133.617615334285
2,233,1,13.9474762783906,13.84899614602,148.905123196202
2,234,1,13.84899614602,13.9237404227983,135.53873784489
2,235,1,13.9237404227983,13.9679379939556,127.82782067525
2,236,1,13.9679379939556,13.9701274603087,128.037455716205
2,237,1,13.9701274603087,13.8960828730784,139.227778325135
2,238,1,13.8960828730784,13.9102183488301,137.130477299277
2,239,1,13.9102183488301,13.9545961334528,131.639807527635
2,240,1,13.9545961334528,13.9673910407282,128.990644566828
2,241,1,13.9673910407282,13.9819140160914,125.189731141621
2,242,1,13.9819140160914,13.9511118918555,132.847151940339
2,243,1,13.9511118918555,13.9817968357338,128.01865647935
2,244,1,13.9817968357338,13.9994924549705,123.502433194741
2,245,1,13.9994924549705,13.9380255109841,132.433231426108
2,246,1,13.9380255109841,13.8733266172605,142.840496760746
2,247,1,13.8733266172605,13.9288346339014,131.565624312856
2,248,1,13.9288346339014,13.950868875304,129.856599639721
2,249,1,13.950868875304,13.9531366413715,128.481045714691
2,250,1,13.9531366413715,13.9619111059191,126.165078605005
2,251,1,13.9619111059191,13.9705255150293,126.906738887794
2,252,1,13.9705255150293,13.9669216973202,128.212969559489
2,253,1,13.9669216973202,13.9698560852412,126.21460249064
2,254,1,13.9698560852412,13.9461592487096,130.297086745917
2,255,1,13.9461592487096,13.9044331458689,136.056702277297
2,256,1,13.9044331458689,13.9311614618457,130.809437997618
2,257,1,13.9311614618457,13.8986251403298,135.329185808904
2,258,1,13.8986251403298,13.8552310863216,142.324310430962
2,259,1,13.8552310863216,13.9499445521223,126.642023697082
2,260,1,13.9499445521223,13.926794619219,131.439929344463
2,261,1,13.926794619219,13.9258434355315,129.541288292497
2,262,1,13.9258434355315,13.9616098598249,125.293723224188
2,263,1,13.9616098598249,13.9511215762086,127.207933269047
2,264,1,13.9511215762086,13.9309640236964,131.88407910956
2,265,1,13.9309640236964,13.9767085157729,123.253498533182
2,266,1,13.9767085157729,13.9474344404147,127.451962118726
2,267,1,13.9474344404147,13.9630070228846,124.589043746363
2,268,1,13.9630070228846,13.9455160115317,125.839064913925
2,269,1,13.9455160115317,14.0089572763962,116.685608318791
2,270,1,14.0089572763962,13.9412360720413,127.455309989216
2,271,1,13.9412360720413,13.9120314081911,134.83296052866
2,272,1,13.9120314081911,13.9555926060982,126.8486495598
2,273,1,13.9555926060982,13.9310118700441,128.847532121447
2,274,1,13.9310118700441,13.9116672292638,133.877259195613
2,275,1,13.9116672292638,13.9332700965873,129.159610886542
2,276,1,13.9332700965873,13.9883035288877,121.791242959992
2,277,1,13.9883035288877,13.8894617082733,136.942753774419
2,278,1,13.8894617082733,13.9889065649291,119.555950649803
2,279,1,13.9889065649291,13.951787600294,124.975643007395
2,280,1,13.951787600294,13.8449602708393,144.182208093776
2,281,1,13.8449602708393,13.8832239032998,136.314477620288
2,282,1,13.8832239032998,13.8614457969821,138.556488298925
2,283,1,13.8614457969821,13.8325831015335,142.543991217715
2,284,1,13.8325831015335,13.867551975956,134.305011295959
2,285,1,13.867551975956,13.9912045516922,116.385908812959
2,286,1,13.9912045516922,13.9256934201697,127.379039441695
2,287,1,13.9256934201697,13.9175215586678,126.894225436392
2,288,1,13.9175215586678,13.9125525199651,128.736988780995
2,289,1,13.9125525199651,13.8884549737123,130.383896160701
2,290,1,13.8884549737123,13.8629791991587,135.140617865144
2,291,1,13.8629791991587,13.8824494317929,133.113977895296
2,292,1,13.8824494317929,13.91748243167,127.763495647383
2,293,1,13.91748243167,13.8084770698079,143.599025266158
2,294,1,13.8084770698079,13.8312673574513,138.926677245164
2,295,1,13.8312673574513,13.8262772040225,140.699305575631
2,296,1,13.8262772040225,13.90465673369,126.12661652375
2,297,1,13.90465673369,13.9023277359006,128.298517799142
2,298,1,13.9023277359006,13.8488914976617,133.840366907757
2,299,1,13.8488914976617,13.8678812717409,131.746723323057
2,300,1,13.8678812717409,13.9083832514358,126.327515166144
2,301,1,13.9083832514358,13.9067377978017,125.576764028568
2,302,1,13.9067377978017,13.9015788632484,127.084678392539
2,303,1,13.9015788632484,13.880572970756,131.782695970925
2,304,1,13.880572970756,13.8896494040969,127.665993041914
2,305,1,13.8896494040969,13.8593041333025,135.485899332208
2,306,1,13.8593041333025,13.8070754716023,139.860592413122
2,307,1,13.8070754716023,13.8120351609839,141.024790815071
2,308,1,13.8120351609839,13.8865644533331,128.661881223615
2,309,1,13.8865644533331,13.886730045696,127.853061905089
2,310,1,13.886730045696,13.9077727170575,125.520012077909
2,311,1,13.9077727170575,13.8955292920819,126.449079480016
2,312,1,13.8955292920819,13.9213251849764,122.26258295811
2,313,1,13.9213251849764,13.7638352939679,144.478391938231
2,314,1,13.7638352939679,13.7869411464516,142.58944460867
2,315,1,13.7869411464516,13.7788861784796,143.26452040408
2,316,1,13.7788861784796,13.8024368212708,142.389082243292
2,317,1,13.8024368212708,13.807843878209,136.776704958488
2,318,1,13.807843878209,13.842880730067,130.809965032137
2,319,1,13.842880730067,13.8276507776412,133.447901537555
2,320,1,13.8276507776412,13.8466171673318,130.837454705054
2,321,1,13.8466171673318,13.8596103529669,128.858585024938
2,322,1,13.8596103529669,13.8829852969304,125.367109662694
2,323,1,13.8829852969304,13.8254315399347,133.671436808842
2,324,1,13.8254315399347,13.8606084168393,127.914981662914
2,325,1,13.8606084168393,13.8421422734153,130.539767354809
2,326,1,13.8421422734153,13.8604718892181,131.552741878003
2,327,1,13.8604718892181,13.8410408942332,134.106066438691
2,328,1,13.8410408942332,13.9334286180241,115.944716003402
2,329,1,13.9334286180241,13.8336697452718,132.441993353261
2,330,1,13.8336697452718,13.8456479140657,130.344028773641
2,331,1,13.8456479140657,13.8016977532357,136.572641966721
2,332,1,13.8016977532357,13.8524104475649,129.147607260342
2,333,1,13.8524104475649,13.8089013220548,135.518343922804
2,334,1,13.8089013220548,13.8612204402537,126.21425124479
2,335,1,13.8612204402537,13.870186368559,126.017271289467
2,336,1,13.870186368559,13.8417170373944,131.003367622596
2,337,1,13.8417170373944,13.8204060235248,133.995972208873
2,338,1,13.8204060235248,13.8322849570043,131.721070469672
2,339,1,13.8322849570043,13.9039491369073,119.326900476994
2,340,1,13.9039491369073,13.8419163875868,128.439236486184
2,341,1,13.8419163875868,13.8648597945383,125.678831452454
2,342,1,13.8648597945383,13.7284863598545,146.032722484383
2,343,1,13.7284863598545,13.8273064321318,129.413647074101
2,344,1,13.8273064321318,13.8531171996792,126.292695171006
2,345,1,13.8531171996792,13.8973866366988,117.429076486453
2,346,1,13.8973866366988,13.8788795191656,122.706348779272
2,347,1,13.8788795191656,13.9065176070696,119.485185112145
2,348,1,13.9065176070696,13.8559561119103,126.698161545796
2,349,1,13.8559561119103,13.7921698681896,136.459720521222
2,350,1,13.7921698681896,13.8482182294949,126.051672594008
2,351,1,13.8482182294949,13.8652542806092,125.112932757141
2,352,1,13.8652542806092,13.9471719600771,110.376305926522
2,353,1,13.9471719600771,13.7846822985206,137.929736621338
2,354,1,13.7846822985206,13.9096258238676,116.358236700431
2,355,1,13.9096258238676,13.8516404994992,126.773149987427
2,356,1,13.8516404994992,13.803911295044,133.864430847583
2,357,1,13.803911295044,13.7641060156697,140.07311163813
2,358,1,13.7641060156697,13.8402053245707,123.313758418183
2,359,1,13.8402053245707,13.7803631621975,136.629560160585
2,360,1,13.7803631621975,13.8775238468972,118.17797648832
2,361,1,13.8775238468972,13.8360453318853,125.605141436314
2,362,1,13.8360453318853,13.8477849814122,124.499523160748
2,363,1,13.8477849814122,13.8394760241164,125.068502194244
2,364,1,13.8394760241164,13.8734412295639,119.079292198061
2,365,1,13.8734412295639,13.9126363582658,113.29748330429
2,366,1,13.9126363582658,13.8545069003828,123.59925246316
2,367,1,13.8545069003828,13.8842659805499,118.303254953067
2,368,1,13.8842659805499,13.8717354048168,122.913038752902
2,369,1,13.8717354048168,13.8534051054499,122.594265411942
2,370,1,13.8534051054499,13.8175508879163,128.039052125292
2,371,1,13.8175508879163,13.8218469436185,127.177955796907
2,372,1,13.8218469436185,13.7756128865818,133.682380052965
2,373,1,13.7756128865818,13.7669600093974,135.922608155947
2,374,1,13.7669600093974,13.823496901672,125.773130863378
2,375,1,13.823496901672,13.8055320848777,126.786354304539
2,376,1,13.8055320848777,13.8709605068907,117.457883837935
2,377,1,13.8709605068907,13.7330292840635,140.369332343624
2,378,1,13.7330292840635,13.7666474081619,134.060062372957
2,379,1,13.7666474081619,13.7412667683796,136.219469060011
2,380,1,13.7412667683796,13.8145375874608,123.742602484556
2,381,1,13.8145375874608,13.7989183401966,129.42239488859
2,382,1,13.7989183401966,13.8385407813425,122.361132301782
2,383,1,13.8385407813425,13.7409017407605,135.09375461991
2,384,1,13.7409017407605,13.7600910225944,132.254655290584
2,385,1,13.7600910225944,13.7611594151024,133.225502304145
2,386,1,13.7611594151024,13.7655996719904,133.404693973367
2,387,1,13.7655996719904,13.7694184849382,130.844991766339
2,388,1,13.7694184849382,13.8854947902442,113.351582470743
2,389,1,13.8854947902442,13.7988251277925,127.86700884144
2,390,1,13.7988251277925,13.8051916149629,124.898423506312
2,391,1,13.8051916149629,13.7956192813573,124.694341596725
2,392,1,13.7956192813573,13.784961080531,128.484242747897
2,393,1,13.784961080531,13.722912389601,138.390773199726
2,394,1,13.722912389601,13.7721051449313,128.685571028144
2,395,1,13.7721051449313,13.7973554000542,124.299820625145
2,396,1,13.7973554000542,13.7525821510452,131.734187998749
2,397,1,13.7525821510452,13.7240083000671,134.928132274518
2,398,1,13.7240083000671,13.7337101948676,135.334155854467
2,399,1,13.7337101948676,13.7520455714103,133.5266656639
2,400,1,13.7520455714103,13.718968363083,134.359239723248
2,401,1,13.718968363083,13.7678214026088,127.952674903452
2,402,1,13.7678214026088,13.7391136058919,131.266171802766
2,403,1,13.7391136058919,13.7058632380204,137.220803356498
2,404,1,13.7058632380204,13.7721869593619,126.02059945436
2,405,1,13.7721869593619,13.7080076585542,137.50338606632
2,406,1,13.7080076585542,13.7360518044785,131.78733731585
2,407,1,13.7360518044785,13.7573832172867,128.039026283832
2,408,1,13.7573832172867,13.7816541963334,121.305440581788
2,409,1,13.7816541963334,13.671525846757,142.007601925582
2,410,1,13.671525846757,13.7173823683539,133.269891458245
2,411,1,13.7173823683539,13.8205456533843,114.500739317168
2,412,1,13.8205456533843,13.7554766843739,127.294735825567
2,413,1,13.7554766843739,13.7174806258676,132.727887167697
2,414,1,13.7174806258676,13.7500113878457,125.432571102531
2,415,1,13.7500113878457,13.7412339353686,128.652124767029
2,416,1,13.7412339353686,13.6939804298127,134.120190676321
2,417,1,13.6939804298127,13.7222610691737,131.718486362434
2,418,1,13.7222610691737,13.7326708277594,128.242151396079
2,419,1,13.7326708277594,13.7380122384573,126.216234938884
2,420,1,13.7380122384573,13.6757772135096,136.762676694008
2,421,1,13.6757772135096,13.7131405423795,130.303401415735
2,422,1,13.7131405423795,13.6370528345329,144.166534484514
2,423,1,13.6370528345329,13.5848601188111,149.953178475154
2,424,1,13.5848601188111,13.6091949308421,144.364099262147
2,425,1,13.6091949308421,13.6893276702945,133.085078163966
2,426,1,13.6893276702945,13.7384761750293,121.797252020347
2,427,1,13.7384761750293,13.7489934136819,122.297634374709
2,428,1,13.7489934136819,13.7486495741594,123.99797433044
2,429,1,13.7486495741594,13.7766096271382,115.963928402421
2,430,1,13.7766096271382,13.6858628169031,133.299632321932
2,431,1,13.6858628169031,13.6708924738864,136.830671348823
2,432,1,13.6708924738864,13.7532542336957,120.704866545928
2,433,1,13.7532542336957,13.7225645105925,125.062309896373
2,434,1,13.7225645105925,13.720884861341,127.443299705345
2,435,1,13.720884861341,13.7039680068579,129.935072226406
2,436,1,13.7039680068579,13.6575544566334,137.587649404474
2,437,1,13.6575544566334,13.7803191232737,114.019272549939
2,438,1,13.7803191232737,13.7411989496048,122.632686793712
2,439,1,13.7411989496048,13.6878583471609,128.615998605822
2,440,1,13.6878583471609,13.7519806074206,119.921266427298
2,441,1,13.7519806074206,13.7069034960092,126.419360296155
2,442,1,13.7069034960092,13.7126365093208,125.797352228506
2,443,1,13.7126365093208,13.7021313322885,126.683584448634
2,444,1,13.7021313322885,13.6796488341516,130.167118627901
2,445,1,13.6796488341516,13.7211575229962,121.776213859597
2,446,1,13.7211575229962,13.6845024971466,127.935767865864
2,447,1,13.6845024971466,13.7357481729403,118.859733931858
2,448,1,13.7357481729403,13.623182784165,139.945320179211
2,449,1,13.623182784165,13.580472537125,145.394108848408
2,450,1,13.580472537125,13.6768450550404,128.834478004956
2,451,1,13.6768450550404,13.6569809319312,131.584234936189
2,452,1,13.6569809319312,13.6667497642802,129.401521227467
2,453,1,13.6667497642802,13.6515007396808,131.817035145801
2,454,1,13.6515007396808,13.7375702688868,118.363169439869
2,455,1,13.7375702688868,13.6991150601222,122.538748658762
2,456,1,13.6991150601222,13.6722825503778,129.035918628796
2,457,1,13.6722825503778,13.6590470999129,130.513933329056
2,458,1,13.6590470999129,13.6274131730343,135.526394733689
2,459,1,13.6274131730343,13.6040014501276,137.896741562502
2,460,1,13.6040014501276,13.655846627389,128.313890618636
2,461,1,13.655846627389,13.6822834112132,123.222040552325
2,462,1,13.6822834112132,13.6884659659168,121.642492070932
2,463,1,13.6884659659168,13.7001158199704,120.255193533889
2,464,1,13.7001158199704,13.6357118255755,131.627560357552
2,465,1,13.6357118255755,13.6463078605771,129.260906724843
2,466,1,13.6463078605771,13.5770996851697,139.333025944436
2,467,1,13.5770996851697,13.7100148210845,117.87766663039
2,468,1,13.7100148210845,13.5656330495192,141.322346469504
2,469,1,13.5656330495192,13.7004084228345,118.072771465206
2,470,1,13.7004084228345,13.6724542797536,125.110600142136
2,471,1,13.6724542797536,13.6376168667697,129.092152404613
2,472,1,13.6376168667697,13.6363086634496,127.953332022941
2,473,1,13.6363086634496,13.6743876612667,121.593696759265
2,474,1,13.6743876612667,13.6880521351332,121.166529580485
2,475,1,13.6880521351332,13.6425735980531,127.146193057526
2,476,1,13.6425735980531,13.6232178426334,129.941406257851
2,477,1,13.6232178426334,13.6410169903356,126.93206758808
2,478,1,13.6410169903356,13.6254316376423,126.730287515797
2,479,1,13.6254316376423,13.6408979055529,126.462012729484
2,480,1,13.6408979055529,13.621487392594,129.485257391028
2,481,1,13.621487392594,13.5220204168374,143.029831121364
2,482,1,13.5220204168374,13.6210032126976,126.46677578266
2,483,1,13.6210032126976,13.6261592936001,127.776473435891
2,484,1,13.6261592936001,13.5571114883165,134.768794694167
2,485,1,13.5571114883165,13.5853781059689,132.797727821696
2,486,1,13.5853781059689,13.6286802930513,124.232299673305
2,487,1,13.6286802930513,13.6115212871574,125.832407330009
2,488,1,13.6115212871574,13.5648798705924,134.029427015643
2,489,1,13.5648798705924,13.5786779570679,130.459159262177
2,490,1,13.5786779570679,13.4804791107134,147.905059771745
2,491,1,13.4804791107134,13.5874450975251,125.883608889018
2,492,1,13.5874450975251,13.6255065337442,118.396103908333
2,493,1,13.6255065337442,13.5855682019097,127.731113758704
2,494,1,13.5855682019097,13.5655464314732,130.486490707155
2,495,1,13.5655464314732,13.6032462667075,122.650735439205
2,496,1,13.6032462667075,13.5150580959782,138.725720873004
2,497,1,13.5150580959782,13.5723300013732,128.100401642672
2,498,1,13.5723300013732,13.4624015246427,146.292138580764
2,499,1,13.4624015246427,13.5465417425897,130.272484457931
2,500,1,13.5465417425897,13.5320046941489,131.538499580038
2,501,1,13.5320046941489,13.5776675924881,123.538890989728
2,502,1,13.5776675924881,13.5423485847821,130.506454987708
2,503,1,13.5423485847821,13.533664269826,129.984429426855
2,504,1,13.533664269826,13.5117617441664,134.099048534461
2,505,1,13.5117617441664,13.5719361797486,124.117349511998
2,506,1,13.5719361797486,13.4974144342686,133.50926467983
2,507,1,13.4974144342686,13.4000859312606,149.20277554278
2,508,1,13.4000859312606,13.4540191951707,141.306821892238
2,509,1,13.4540191951707,13.5444189995246,125.584973729137
2,510,1,13.5444189995246,13.4753798305141,132.591116115943
2,511,1,13.4753798305141,13.4658993595143,137.827766903721
2,512,1,13.4658993595143,13.495172480526,131.277006140821
2,513,1,13.495172480526,13.5496130600437,122.945343001217
2,514,1,13.5496130600437,13.4917713741607,129.76678100298
2,515,1,13.4917713741607,13.5095078036406,128.431667809643
2,516,1,13.5095078036406,13.4446254060094,139.895604441766
2,517,1,13.4446254060094,13.4819928633936,131.013313242334
2,518,1,13.4819928633936,13.5318695050143,120.080407617392
2,519,1,13.5318695050143,13.4551424264598,133.829232656686
2,520,1,13.4551424264598,13.5338096810142,123.414076749075
2,521,1,13.5338096810142,13.5650733158586,120.378993767342
2,522,1,13.5650733158586,13.4963098005382,129.157647497099
2,523,1,13.4963098005382,13.5317435577273,120.613314449725
2,524,1,13.5317435577273,13.5320373715794,121.606959599284
2,525,1,13.5320373715794,13.5700547077189,115.468019053298
2,526,1,13.5700547077189,13.4424484693544,135.027926740022
2,527,1,13.4424484693544,13.4536208353327,133.07030223257
2,528,1,13.4536208353327,13.5098704765123,124.50890181146
2,529,1,13.5098704765123,13.4990056892812,128.010742250607
2,530,1,13.4990056892812,13.47959095996,125.703715372765
2,531,1,13.47959095996,13.4407386185434,134.163920090808
2,532,1,13.4407386185434,13.4289929871333,132.461776566104
2,533,1,13.4289929871333,13.4193995583034,132.58580006764
2,534,1,13.4193995583034,13.3228300297738,149.543337033389
2,535,1,13.3228300297738,13.4778226132526,120.640169376409
2,536,1,13.4778226132526,13.4032174776374,132.182342855819
2,537,1,13.4032174776374,13.3951109627379,131.757062406182
2,538,1,13.3951109627379,13.3823718495421,137.056739539558
2,539,1,13.3823718495421,13.3556677866563,136.987742844315
2,540,1,13.3556677866563,13.3957004480758,132.683246665604
2,541,1,13.3957004480758,13.4294649401282,124.277633077906
2,542,1,13.4294649401282,13.3778523212564,132.66952913377
2,543,1,13.3778523212564,13.3149349041544,142.429250247749
2,544,1,13.3149349041544,13.3400176133243,135.787452953959
2,545,1,13.3400176133243,13.3693944323825,132.848393109115
2,546,1,13.3693944323825,13.371836507902,127.466125629848
2,547,1,13.371836507902,13.4067657431556,123.278576856309
2,548,1,13.4067657431556,13.3865249963115,125.102435512665
2,549,1,13.3865249963115,13.3400817698592,131.815799486169
2,550,1,13.3400817698592,13.3101528426012,137.872280467221
2,551,1,13.3101528426012,13.4285966515982,115.106793417912
2,552,1,13.4285966515982,13.383963730221,125.354804422088
2,553,1,13.383963730221,13.3904823812,121.216802047859
2,554,1,13.3904823812,13.395820157914,121.558798421287
2,555,1,13.395820157914,13.3555385031034,125.575818741705
2,556,1,13.3555385031034,13.3053800340803,134.423836395609
2,557,1,13.3053800340803,13.2784127367312,133.632582267148
2,558,1,13.2784127367312,13.291923006872,133.972163381093
2,559,1,13.291923006872,13.2522670315645,135.396606060975
2,560,1,13.2522670315645,13.3093871965197,125.207866667861
2,561,1,13.3093871965197,13.3273044220103,122.933836673464
2,562,1,13.3273044220103,13.283682319305,126.958868509014
2,563,1,13.283682319305,13.3015925479123,122.496391283715
2,564,1,13.3015925479123,13.2588309269566,128.802744170302
2,565,1,13.2588309269566,13.1880992967237,139.095749715291
2,566,1,13.1880992967237,13.2618524357185,125.502181899018
2,567,1,13.2618524357185,13.2206800651804,128.021938353102
2,568,1,13.2206800651804,13.2015660828771,131.092916825939
2,569,1,13.2015660828771,13.1191083978502,140.185985833186
2,570,1,13.1191083978502,13.0792881160097,143.526992076335
2,571,1,13.0792881160097,13.171396002693,123.623682835659
2,572,1,13.171396002693,13.203061166971,120.861687846203
2,573,1,13.203061166971,13.0495332435137,142.085127536522
2,574,1,13.0495332435137,13.0998759962465,130.495673870257
2,575,1,13.0998759962465,13.0819174672727,134.141827223633
2,576,1,13.0819174672727,12.9947540596224,141.716465295245
2,577,1,12.9947540596224,12.9235215425821,147.119693601197
2,578,1,12.9235215425821,13.0184198113307,129.297539971326
2,579,1,13.0184198113307,12.9794783481311,131.507054878183
2,580,1,12.9794783481311,12.9457129151418,135.646288199142
2,581,1,12.9457129151418,12.9607360652546,127.417697736804
2,582,1,12.9607360652546,13.0340500331468,114.841713411912
2,583,1,13.0340500331468,12.9080581961123,133.10119315335
2,584,1,12.9080581961123,12.8981639545759,127.959976628687
2,585,1,12.8981639545759,12.8539540497527,132.302859431063
2,586,1,12.8539540497527,12.8533123715348,129.656288643
2,587,1,12.8533123715348,12.8031590959892,131.168725543787
2,588,1,12.8031590959892,12.8393760469216,122.544667066425
2,589,1,12.8393760469216,12.7845504575205,123.265293271854
2,590,1,12.7845504575205,12.6347361429898,140.705736995775
2,591,1,12.6347361429898,12.6700525548531,128.305618061285
2,592,1,12.6700525548531,12.6233502278531,129.547399376009
2,593,1,12.6233502278531,12.5561187923756,132.188147024138
2,594,1,12.5561187923756,12.5469434859842,126.666385863845
2,595,1,12.5469434859842,12.4547400918728,132.497763670373
2,596,1,12.4547400918728,12.3502882117637,135.248374940904
2,597,1,12.3502882117637,12.3087765217853,133.775274446782
2,598,1,12.3087765217853,12.2547534093182,127.933328546428
2,599,1,12.2547534093182,12.2225635747245,125.151779430261
2,600,1,12.2225635747245,12.0033919052006,137.974371639597
2,601,1,12.0033919052006,12.0247354090698,120.602863426232
2,602,1,12.0247354090698,11.7007003212394,137.47789738647
1,904,3.5,14.7604352202464,14.7351395888321,304.02665884131
1,905,3.5,14.7351395888321,14.7290920908625,297.485923882254
1,906,3.5,14.7290920908625,14.7417603692642,280.902590607593
1,907,3.5,14.7417603692642,14.7009416145669,290.336969013009
1,908,3.5,14.7009416145669,14.6705127624441,286.916532819603
1,909,3.5,14.6705127624441,14.6034293556136,304.60340446898
1,910,3.5,14.6034293556136,14.6655238124448,279.69946417557
1,911,3.5,14.6655238124448,14.6723646613311,269.764559057589
1,912,3.5,14.6723646613311,14.5829750062456,292.810142031565
1,913,3.5,14.5829750062456,14.6024153108679,280.517792264164
1,914,3.5,14.6024153108679,14.5537643953455,292.068676094106
1,915,3.5,14.5537643953455,14.5293290060344,293.748540425302
1,916,3.5,14.5293290060344,14.6613989747577,248.523216094941
2,917,3.5,14.6613989747577,14.5467151434399,276.947726628559
2,918,3.5,14.5467151434399,14.5457858155616,276.89141098243
2,919,3.5,14.5457858155616,14.4085084570091,311.295054163806
2,920,3.5,14.4085084570091,14.3894198684153,312.161746771825
2,921,3.5,14.3894198684153,14.3371432725454,322.446116030567
2,922,3.5,14.3371432725454,14.3867774607972,299.391460582114
2,923,3.5,14.3867774607972,14.4180520548288,287.201634975625
2,924,3.5,14.4180520548288,14.4758392472638,264.955988684266
2,925,3.5,14.4758392472638,14.4564845835384,269.270582415389
2,926,3.5,14.4564845835384,14.4793102085307,261.382928819424
2,927,3.5,14.4793102085307,14.421413142768,276.333300966199
2,928,3.5,14.421413142768,14.398387111141,283.323512699377
2,929,3.5,14.398387111141,14.4296267156251,274.26933355092
2,930,3.5,14.4296267156251,14.4065832750412,277.482260043084
2,931,3.5,14.4065832750412,14.4477168959668,266.772078241531
2,932,3.5,14.4477168959668,14.3732676290747,283.627305829788
2,933,3.5,14.3732676290747,14.3986875965127,274.091917437455
2,934,3.5,14.3986875965127,14.3775552992026,275.725358745626
2,935,3.5,14.3775552992026,14.327455820522,290.213740536557
2,936,3.5,14.327455820522,14.3538878665497,281.04742775525
2,937,3.5,14.3538878665497,14.3098967828476,286.900328103947
2,938,3.5,14.3098967828476,14.3967422244692,260.857071930701
2,939,3.5,14.3967422244692,14.3193598115597,280.479648823901
2,940,3.5,14.3193598115597,14.334003974439,274.840217266969
2,941,3.5,14.334003974439,14.2667729867571,287.830609821695
2,942,3.5,14.2667729867571,14.2922845466833,280.570087678004
2,943,3.5,14.2922845466833,14.2483551962815,288.851285212699
2,944,3.5,14.2483551962815,14.3128870336241,269.429604058431
2,945,3.5,14.3128870336241,14.3024719984472,267.756012779049
2,946,3.5,14.3024719984472,14.2991686925496,267.583368721094
2,947,3.5,14.2991686925496,14.2068610871807,298.443060498324
2,948,3.5,14.2068610871807,14.2344270806726,285.66542535531
2,949,3.5,14.2344270806726,14.3061325791788,263.347336426643
2,950,3.5,14.3061325791788,14.3096967868331,262.011615209439
2,951,3.5,14.3096967868331,14.2640171509385,275.297157827814
2,952,3.5,14.2640171509385,14.2659158295687,273.487724259459
2,953,3.5,14.2659158295687,14.3324502258125,253.092873738826
2,954,3.5,14.3324502258125,14.2275167738828,282.787859247901
2,955,3.5,14.2275167738828,14.2550578911105,275.136334016497
2,956,3.5,14.2550578911105,14.2608852864632,265.614568584313
2,957,3.5,14.2608852864632,14.2178840534193,278.920891605275
2,958,3.5,14.2178840534193,14.3459148092891,240.501046854692
2,959,3.5,14.3459148092891,14.2811933658702,256.556935579036
2,960,3.5,14.2811933658702,14.2298938221066,267.807110130213
2,961,3.5,14.2298938221066,14.2487752317877,265.030386134023
2,962,3.5,14.2487752317877,14.2372811258014,268.189850423189
2,963,3.5,14.2372811258014,14.2091884536008,278.553773658764
2,964,3.5,14.2091884536008,14.2044510421208,276.37500547367
2,965,3.5,14.2044510421208,14.2012799485223,279.463324087557
2,966,3.5,14.2012799485223,14.1900424573618,278.487760009184
2,967,3.5,14.1900424573618,14.1568770044027,289.012567550635
2,968,3.5,14.1568770044027,14.1915394464019,279.087956352764
2,969,3.5,14.1915394464019,14.1871093318312,277.863046009098
2,970,3.5,14.1871093318312,14.2657261323633,248.990995529469
2,971,3.5,14.2657261323633,14.1481857852021,284.157819786683
2,972,3.5,14.1481857852021,14.1855760672312,269.715709453626
2,973,3.5,14.1855760672312,14.2109281996291,261.444529191347
2,974,3.5,14.2109281996291,14.2328773525497,252.97520887787
2,975,3.5,14.2328773525497,14.1237515823842,286.909269345706
2,976,3.5,14.1237515823842,14.175616470696,275.018966428411
2,977,3.5,14.175616470696,14.2154850189771,259.610297728721
2,978,3.5,14.2154850189771,14.1945944708102,267.81273125048
2,979,3.5,14.1945944708102,14.1490354825049,281.542770357713
2,980,3.5,14.1490354825049,14.0679094272385,306.965884611111
2,981,3.5,14.0679094272385,14.0763433835175,300.0015102517
2,982,3.5,14.0763433835175,13.9482850360709,333.477241328798
2,983,3.5,13.9482850360709,14.041526899412,302.918111474178
2,984,3.5,14.041526899412,13.9559131105745,323.433817596872
2,985,3.5,13.9559131105745,14.0325117836299,299.354640310692
2,986,3.5,14.0325117836299,14.1903979868288,251.857017971017
2,987,3.5,14.1903979868288,14.1216268529577,273.566771161003
2,988,3.5,14.1216268529577,14.2185289386695,244.595479019695
2,989,3.5,14.2185289386695,14.0787450897871,287.079399781247
2,990,3.5,14.0787450897871,14.0855568130911,281.127979019057
2,991,3.5,14.0855568130911,14.0758247041445,283.794519556905
2,992,3.5,14.0758247041445,14.0860465889334,284.00204655679
2,993,3.5,14.0860465889334,14.0095162542969,306.034091883137
2,994,3.5,14.0095162542969,14.0787869877632,284.216470269856
2,995,3.5,14.0787869877632,14.093927818622,278.942960209366
2,996,3.5,14.093927818622,14.0325042220569,299.123575009187
2,997,3.5,14.0325042220569,14.129288881745,270.358483551915
2,998,3.5,14.129288881745,14.0917632059724,278.465930510789
2,999,3.5,14.0917632059724,14.0991238945939,275.791522133484
2,1000,3.5,14.0991238945939,14.1103974908575,273.964587245327
2,1001,3.5,14.1103974908575,14.1840088198031,248.630334644608
2,1002,3.5,14.1840088198031,14.1211791017809,267.852757131143
2,1003,3.5,14.1211791017809,14.033106164485,296.104262695726
2,1004,3.5,14.033106164485,14.0576595676447,280.363300655953
2,1005,3.5,14.0576595676447,13.9309729865683,329.512783747845
2,1006,3.5,13.9309729865683,13.9337359984499,322.470701365401
2,1007,3.5,13.9337359984499,14.0853066417422,273.909789829339
2,1008,3.5,14.0853066417422,14.0456614143825,286.706444504899
2,1009,3.5,14.0456614143825,14.0664403902901,280.339865390233
2,1010,3.5,14.0664403902901,13.8849471964194,335.013257644888
2,1011,3.5,13.8849471964194,13.948813847945,312.217846687614
2,1012,3.5,13.948813847945,13.9737045903279,302.435881405681
2,1013,3.5,13.9737045903279,14.0017743239388,293.367890475337
2,1014,3.5,14.0017743239388,13.9419766632682,311.643978591443
2,1015,3.5,13.9419766632682,14.0018362544165,290.537448029631
2,1016,3.5,14.0018362544165,14.0526470285012,274.056793809831
2,1017,3.5,14.0526470285012,14.0009788981137,290.640426316948
2,1018,3.5,14.0009788981137,13.943917515079,306.869260393117
2,1019,3.5,13.943917515079,14.0816387739067,261.428329030949
2,1020,3.5,14.0816387739067,14.0747372582403,264.498115390758
2,1021,3.5,14.0747372582403,14.0839703790705,264.718731718841
2,1022,3.5,14.0839703790705,13.9572231838225,301.546254934132
2,1023,3.5,13.9572231838225,14.0678483978022,266.474617424753
3,1024,3.5,14.0678483978022,14.0437032674504,273.082978389731
3,1025,3.5,14.0437032674504,14.029179458266,279.987963581785
3,1026,3.5,14.029179458266,14.1367761781039,245.66038961181
3,1027,3.5,14.1367761781039,14.0565743009931,275.037183670416
3,1028,3.5,14.0565743009931,14.0661873080982,270.229998389994
3,1029,3.5,14.0661873080982,14.0971505168556,263.199970311781
3,1030,3.5,14.0971505168556,14.058511868271,277.475729546421
3,1031,3.5,14.058511868271,14.0821775740972,267.687263876954
3,1032,3.5,14.0821775740972,14.0350948009297,282.493577560915
3,1033,3.5,14.0350948009297,14.0229193123659,287.093219529707
3,1034,3.5,14.0229193123659,14.0385730154016,281.139896397255
3,1035,3.5,14.0385730154016,14.2097300183169,273.217507419885
3,1036,3.5,14.2097300183169,14.0659934206723,270.91965963996
3,1037,3.5,14.0659934206723,14.0592013400591,273.706054398607
3,1038,3.5,14.0592013400591,14.0900123414989,265.278271838406
3,1039,3.5,14.0900123414989,14.0282033248639,283.780799117407
3,1040,3.5,14.0282033248639,14.0442976569897,281.59374367547
3,1041,3.5,14.0442976569897,14.1094371462495,257.796489630563
1,1149,5,15.490853145778,15.4065175396989,337.274782867043
1,1150,5,15.4065175396989,15.3624321885951,337.689282733599
1,1151,5,15.3624321885951,15.359746020911,326.900062136769
1,1152,5,15.359746020911,15.3587178909805,316.95993648572
1,1153,5,15.3587178909805,15.2642460591588,338.954460607278
1,1154,5,15.2642460591588,15.2627237290009,331.632868168294
1,1155,5,15.2627237290009,15.1600458477567,353.232437131196
1,1156,5,15.1600458477567,15.1606976811713,347.222609691816
1,1157,5,15.1606976811713,15.3025854655842,294.643037880354
1,1158,5,15.3025854655842,15.4184091944884,256.356823298464
1,1159,5,15.4184091944884,15.3816547354092,267.930997664522
4,1160,5,15.3816547354092,15.3012756258341,288.50926782755
4,1161,5,15.3012756258341,15.2898647808961,282.939605625507
4,1162,5,15.2898647808961,15.3304726389722,270.734489531343
4,1163,5,15.3304726389722,15.3493175067992,260.210327746041
4,1164,5,15.3493175067992,15.3525765296433,259.965301989087
4,1165,5,15.3525765296433,15.3093038378348,266.525787552144
4,1166,5,15.3093038378348,15.2842713824911,270.001609377254
4,1167,5,15.2842713824911,15.2749149324967,269.392173595193
4,1168,5,15.2749149324967,15.2403621084093,273.995717161497
4,1169,5,15.2403621084093,15.2790175922769,259.929492567927
4,1170,5,15.2790175922769,15.2716342752454,257.017073402228
4,1171,5,15.2716342752454,15.2396302794357,267.226770594952
4,1172,5,15.2396302794357,15.2002890473105,272.136295261713
4,1173,5,15.2002890473105,15.2171630954273,266.536169670882
4,1174,5,15.2171630954273,15.1835745284933,272.460517744932
4,1175,5,15.1835745284933,15.1625785902446,275.569775110254
4,1176,5,15.1625785902446,15.2178535673689,253.106945321356
4,1177,5,15.2178535673689,15.1991973371159,254.318140297097
4,1178,5,15.1991973371159,15.1776769681166,260.50892841854
4,1179,5,15.1776769681166,15.1371714850847,271.563127495418
4,1180,5,15.1371714850847,14.9693032700482,315.895990301226
4,1181,5,14.9693032700482,15.0783101321995,276.406105497227
4,1182,5,15.0783101321995,15.0618791898874,278.620655294046
4,1183,5,15.0618791898874,15.0525944996755,278.036036781859
4,1184,5,15.0525944996755,15.1001283734178,262.777299142337
4,1185,5,15.1001283734178,15.1033141808865,261.40267495563
4,1186,5,15.1033141808865,14.9716395772214,298.555503940377
4,1187,5,14.9716395772214,15.0822199153351,261.737554280429
4,1188,5,15.0822199153351,15.0659493686896,262.809976210598
4,1189,5,15.0659493686896,15.0658741934957,259.922884972675
4,1190,5,15.0658741934957,15.0152691432916,274.30029579288
4,1191,5,15.0152691432916,14.9999493921674,274.842182038468
4,1192,5,14.9999493921674,15.0519945923308,250.891905642222
4,1193,5,15.0519945923308,15.0658184003591,248.426453914877
4,1194,5,15.0658184003591,15.0226452787652,264.85522732337
4,1195,5,15.0226452787652,14.9990404982495,266.628663322246
4,1196,5,14.9990404982495,15.0205405848827,257.04731553279
4,1197,5,15.0205405848827,15.0312480273174,250.110710891595
4,1198,5,15.0312480273174,14.9914119364319,262.089020926398
4,1199,5,14.9914119364319,14.9115269215032,288.330855944968
4,1200,5,14.9115269215032,14.8780304752322,294.519736534798
4,1201,5,14.8780304752322,14.8580760803191,299.00122347645
4,1202,5,14.8580760803191,14.9572535582152,265.148690928129
4,1203,5,14.9572535582152,14.8818595982254,290.38509688542
4,1204,5,14.8818595982254,14.9262747000688,274.388906925762
4,1205,5,14.9262747000688,14.9250065176726,271.082859204769
4,1206,5,14.9250065176726,14.8933239105967,279.125509668839
4,1207,5,14.8933239105967,14.9507197791651,262.972953245882
4,1208,5,14.9507197791651,15.0878611910693,212.003687876612
4,1209,5,15.0878611910693,14.9544148612715,257.893828669878
4,1210,5,14.9544148612715,14.9125491962244,269.740629164973
4,1211,5,14.9125491962244,14.9576848489998,258.382360576788
4,1212,5,14.9576848489998,14.9413555872037,257.098280499139
4,1213,5,14.9413555872037,14.8808978499117,278.274156834022
4,1214,5,14.8808978499117,14.7870119219605,301.908924136779
4,1215,5,14.7870119219605,14.7901430461739,294.332850213194
4,1216,5,14.7901430461739,14.7749187100142,296.11635150097
4,1217,5,14.7749187100142,14.8518911964548,269.443822473972
4,1218,5,14.8518911964548,14.7669041944321,294.832336418811
4,1219,5,14.7669041944321,14.7610439618737,290.998383835753
4,1220,5,14.7610439618737,14.7376527025291,299.923485988991
4,1221,5,14.7376527025291,14.7486849652672,289.956780108537
4,1222,5,14.7486849652672,14.7561453823235,286.370883492909
4,1223,5,14.7561453823235,14.7502995119185,284.903985221366
4,1224,5,14.7502995119185,14.8096193674823,264.963701127017
4,1225,5,14.8096193674823,14.830773099906,255.643201906102
4,1226,5,14.830773099906,14.7509295887893,279.028282380641
4,1227,5,14.7509295887893,14.810344353946,260.689404484613
4,1228,5,14.810344353946,14.8236054868422,256.368217444748
4,1229,5,14.8236054868422,14.7929301763587,264.146491623002
4,1230,5,14.7929301763587,14.7591522228565,273.197167215314
4,1231,5,14.7591522228565,14.7448550896993,279.364155268686
4,1232,5,14.7448550896993,14.6719936156302,297.984056702446
4,1233,5,14.6719936156302,14.7047976243374,288.001514816372
4,1234,5,14.7047976243374,14.6806300094133,292.678613531344
4,1235,5,14.6806300094133,14.7572174282238,270.028101964424
4,1236,5,14.7572174282238,14.7588610324189,267.364237322591
4,1237,5,14.7588610324189,14.755119501189,267.266361882306
4,1238,5,14.755119501189,14.6560931061325,296.130605221388
4,1239,5,14.6560931061325,14.7176970769795,273.321498251311
4,1240,5,14.7176970769795,14.6797411195393,284.465957704305
4,1241,5,14.6797411195393,14.7440478788368,264.306394247931
4,1242,5,14.7440478788368,14.770518954799,253.733891285664
4,1243,5,14.770518954799,14.6548451581974,290.032003347717
4,1244,5,14.6548451581974,14.6251041042366,296.514462903882
4,1245,5,14.6251041042366,14.7636330741704,248.960805332318
4,1246,5,14.7636330741704,14.7322617255432,261.611044549537
4,1247,5,14.7322617255432,14.7356390449959,262.705738491183
4,1248,5,14.7356390449959,14.7497859688868,252.210604455156
4,1249,5,14.7497859688868,14.7322316057056,260.241266867475
4,1250,5,14.7322316057056,14.7360246764181,258.094550406696
4,1251,5,14.7360246764181,14.827447679794,229.262196130469
4,1252,5,14.827447679794,14.7164159322138,266.256324755415
4,1253,5,14.7164159322138,14.6951282383283,271.943063846035
4,1254,5,14.6951282383283,14.7051174747616,268.052809040801
4,1255,5,14.7051174747616,14.6957022817864,267.145717213026
4,1256,5,14.6957022817864,14.8139792374249,231.789233141712
3,1257,5,14.8139792374249,14.8817188864879,212.052904128351
3,1258,5,14.8817188864879,14.7397608773707,257.363662358508
3,1259,5,14.7397608773707,14.7593130400509,247.742131803269
3,1260,5,14.7593130400509,14.7277346678405,261.216229172766
3,1261,5,14.7277346678405,14.7657928728858,246.704461494882
3,1262,5,14.7657928728858,14.6836516724724,270.478750841491
3,1263,5,14.6836516724724,14.6176241400753,285.194494938274
3,1264,5,14.6176241400753,14.6505471291632,278.522983559466
3,1265,5,14.6505471291632,14.7534977952768,242.885645311204
3,1266,5,14.7534977952768,14.7534978044221,242.96168400052
3,1267,5,14.7534978044221,14.756292408983,245.359747635009
3,1268,5,14.756292408983,14.6842193349322,264.608099946935
3,1269,5,14.6842193349322,14.7228734504189,253.82313758638
3,1270,5,14.7228734504189,14.6553261331921,272.8414573178
3,1271,5,14.6553261331921,14.6165637429644,284.48827459538
3,1272,5,14.6165637429644,14.6400080376865,278.100351892859
3,1273,5,14.6400080376865,14.7100275081732,251.74870496961
3,1274,5,14.7100275081732,14.6824523661505,261.440131888819
3,1275,5,14.6824523661505,14.6513131494786,267.205125288258
3,1276,5,14.6513131494786,14.5749057897691,294.132859940586
3,1277,5,14.5749057897691,14.6617042653968,259.222508577825
3,1278,5,14.6617042653968,14.6378847640075,266.798817903688
3,1279,5,14.6378847640075,14.5328703579545,301.566792661431
3,1280,5,14.5328703579545,14.5762168140426,284.638777950734
3,1281,5,14.5762168140426,14.614168051156,273.120640501463
3,1282,5,14.614168051156,14.6424052410037,260.416823746974
3,1283,5,14.6424052410037,14.6047928493989,270.252203822554
3,1284,5,14.6047928493989,14.7467559369681,227.628627308101
